<?xml version="1.0" encoding="UTF-8"?>
<?xml-stylesheet type="text/css" href="projectgrp.css"?>

<project_group>
    <group_name>Xora</group_name>
    <project_info>In the digital era, establishing an online presence is crucial for businesses,
        entrepreneurs, and
        creators. However, traditional website development often presents significant barriers,
        including the
        need for technical expertise, extensive coding knowledge, and time-consuming design
        processes.
        XORA, an AI-powered Software-as-a-Service (SaaS) website builder, revolutionizes this
        approach
        by offering an intuitive Low-Code/No-Code platform. Designed with React.js and Tailwind CSS,
        XORA delivers a sleek, responsive, and visually captivating experience, enabling users to
        craft professional websites effortlessly.
    </project_info>

    <team>Lets see the team</team>
    <leader>

        <name>Sneha</name>
        <positions>Leader</positions>
        <email>sneha@gmail.com</email>
        <role>Project Manager</role>
        <skills>UI/UX designer</skills>
    </leader>
    <member>
        <name>Vaishnavi</name>
        <position>Member</position>
        <email>vaishnavi@gmail.com</email>
        <role>Backend Developer</role>
        <skills>Java, Spring Boot</skills>
    </member>
    <member>

        <name>Pulkeet</name>
        <position>Member</position>
        <email>pulkeet@gmail.com</email>
        <role>Frontend Developer</role>
        <skills>HTML, CSS, JavaScript</skills>
    </member>
    <member>

        <name>Pratik</name>
        <position>Member</position>
        <email>pratik@gmail.com</email>
        <role>Database Administrator</role>
        <skills>MySQL, MongoDB</skills>
    </member>
</project_group>