﻿<?xml version="1.0" encoding="utf-8"?>
<?xml-stylesheet type="text/css" href="studentd.css"?>
<students>
  <student>
    <name>Ram</name>
    <city>Mumbai</city>
    <roll_number>101</roll_number>
    <department>Computer Science</department>
    <email>ram3@example.com</email>
  </student>
  <student>
    <name>Sham</name>
    <city>Pune</city>
    <roll_number>102</roll_number>
    <department>Information Technology</department>
    <email>sham53@example.com</email>
  </student>
  <student>
    <name>Riya</name>
    <city>Pune</city>
    <roll_number>103</roll_number>
    <department>Computer Science</department>
    <email>riya42@example.com</email>
  </student>
</students>